index,oid,ra,dec,designation_01
0,256107200000916,81.0431903,-24.4890769,Gaia DR3 2957941232276476800
164,259109100004445,108.5003807,-22.522153,Gaia DR3 2927969881041212672
266,259109100029245,107.7569945,-22.5305297,Gaia DR3 2927999365998649728
368,259110400008990,106.5959923,-23.6068707,Gaia DR3 2927469263952955008
469,259209100007832,108.5004539,-22.5223573,Gaia DR3 2927969881041212672
1020,259210400014686,106.5962247,-23.6071207,Gaia DR3 2927469263952955008
1551,260106100026237,113.4470356,-24.4802045,Gaia DR3 5615210766444025472
1671,260109400013269,115.9962131,-23.6521343,Gaia DR3 5615587005576857600
1792,260109400014512,115.9495276,-23.6921662,Gaia DR3 5615586455821106560
1914,260112200003669,108.5005944,-22.5223508,Gaia DR3 2927969881041212672
2038,260114200006109,112.4368417,-20.7404478,Gaia DR3 5620257902771084928
2164,260114300004544,112.9666807,-21.5618002,Gaia DR3 5619967391181281792
2289,260114400008226,113.773259,-21.6504538,Gaia DR3 5619250440881257856
2415,260115200001380,110.3796672,-20.555725,Gaia DR3 2929844513999140608
2540,260115200019483,110.2244799,-21.1663439,Gaia DR3 2929750338261632896
2663,260115200026906,110.6944053,-20.6582578,Gaia DR3 2929795383879276544
2787,260116100013353,109.5145227,-21.0356304,Gaia DR3 2929721403060975232
2911,260212200006057,108.5005717,-22.5224731,Gaia DR3 2927969881041212672
3910,260214200011303,112.4369867,-20.7405941,Gaia DR3 5620257902771084928
4891,260214400014357,113.7734983,-21.6506287,Gaia DR3 5619250440881257856
5918,260215200002526,110.379663,-20.555822,Gaia DR3 2929844513999140608
6808,261112300013687,115.9497469,-23.6923674,Gaia DR3 5615586455821106560
6920,261208200031581,116.1656889,-24.3722284,Gaia DR3 5614697049696235648
7362,261212200019636,115.7520926,-22.9617068,Gaia DR3 5615695822871551232
7808,261212300014498,115.996415,-23.6523759,Gaia DR3 5615587005576857600
8253,261212300015950,115.9497582,-23.6924275,Gaia DR3 5615586455821106560
8698,261216300013511,115.8041401,-21.7206076,Gaia DR3 5712099829855518976
9141,271109200003367,195.2607218,-23.021774,Gaia DR3 3504948988644994432
9242,271209200004605,195.2607469,-23.0217908,Gaia DR3 3504948988644994432
9349,280110300027596,258.074634,-23.8053317,Gaia DR3 4114323346694071168
9450,280210300028312,258.0745923,-23.8053334,Gaia DR3 4114323346694071168
9984,283112200003260,276.6025578,-22.4658391,Gaia DR3 4089934422106291840
10104,283116400016197,277.4882206,-21.6210613,Gaia DR3 4090103334581511296
10221,284111200002651,285.6105425,-22.4791399,Gaia DR3 4081495910878906752
10343,287108200006873,306.0488984,-24.9503685,Gaia DR3 6849002313335584000
10496,287208200010993,306.0489139,-24.9503827,Gaia DR3 6849002313335584000
10643,308110100001789,102.4692235,-15.3263009,Gaia DR3 2948757316587127936
10798,309101200016888,110.6247869,-19.5486713,Gaia DR3 2930489519314499072
10987,309101300018020,110.3794688,-20.5555798,Gaia DR3 2929844513999140608
11176,309101300020948,110.6941847,-20.6580861,Gaia DR3 2929795383879276544
11364,309107100012876,107.6991839,-17.5750202,Gaia DR3 2934751329460841088
11555,309107100013307,107.7611331,-17.589092,Gaia DR3 2934748237084371584
11746,309108100003989,105.8170033,-17.2797659,Gaia DR3 2935291391527731840
11939,309111400008423,107.3348741,-16.3689114,Gaia DR3 2935832626121938944
12132,309114100006050,109.6169673,-13.5327603,Gaia DR3 3032738431339708800
12325,309114100028466,109.6699593,-13.9778238,Gaia DR3 3032644697970894208
12518,309115100017306,107.0035578,-13.9862163,Gaia DR3 3044463004858930560
12712,309201300024173,110.3796488,-20.5557614,Gaia DR3 2929844513999140608
13204,309201300028215,110.6943749,-20.6582663,Gaia DR3 2929795383879276544
13695,309207100018512,107.761183,-17.5891942,Gaia DR3 2934748237084371584
14197,309214100008297,109.6170758,-13.5328446,Gaia DR3 3032738431339708800
14705,309214100025109,109.6700542,-13.9778956,Gaia DR3 3032644697970894208
15213,309215100025218,107.003573,-13.986206,Gaia DR3 3044463004858930560
15722,309314100057261,109.6170773,-13.532889,Gaia DR3 3032738431339708800
15749,309315100032713,107.0035485,-13.9862418,Gaia DR3 3044463004858930560
15777,310103300026445,113.5737831,-20.290185,Gaia DR3 5716266089876304896
15949,310104400026134,112.4370313,-20.7405045,Gaia DR3 5620257902771084928
16124,310106400028797,116.5095854,-18.6917313,Gaia DR3 5716152702738634496
16296,310116400000349,112.7457539,-14.1764582,Gaia DR3 3033186585406814080
16463,310204400039771,112.4370047,-20.7405568,Gaia DR3 5620257902771084928
17040,310206400026040,116.5097005,-18.6919272,Gaia DR3 5716152702738634496
17615,310216400000432,112.7457002,-14.1765206,Gaia DR3 3033186585406814080
18179,311301200010003,124.0425782,-19.3906055,Gaia DR3 5707566272836783872
18202,311316100008033,119.4086716,-13.6063222,Gaia DR3 5725747384797544704
18225,322101200003199,201.8431506,-19.4537903,Gaia DR3 3506814683782851968
18354,322301200004840,201.8432428,-19.4539006,Gaia DR3 3506814683782851968
18378,330106200014438,256.2590075,-17.4894344,Gaia DR3 4129723243958296448
18530,330111400005097,255.2836311,-16.2343605,Gaia DR3 4139090528963788544
18682,330114400007280,257.0478104,-14.4441781,Gaia DR3 4139702858161111040
18833,330206200019978,256.2590185,-17.4894385,Gaia DR3 4129723243958296448
19474,330214400013475,257.04782,-14.4442018,Gaia DR3 4139702858161111040
20117,331101100031575,266.1062514,-19.6315542,Gaia DR3 4119884023727270272
20385,331107300071653,260.9832669,-18.3249972,Gaia DR3 4122794392253089024
20659,331108100022726,260.1661609,-17.4474621,Gaia DR3 4134975056940374272
20935,331108400030410,259.8144071,-18.5196279,Gaia DR3 4122470757881214848
21211,331109300012661,265.2501546,-16.3034635,Gaia DR3 4124125282361429504
21482,331112100053679,260.245278,-15.3669883,Gaia DR3 4137697104137428992
21760,331112400075164,260.2827373,-16.6410465,Gaia DR3 4135303780877021312
22036,331201100036744,266.1062526,-19.6315692,Gaia DR3 4119884023727270272
22748,331207300020741,260.9833044,-18.3250174,Gaia DR3 4122794392253089024
23471,331208400026722,259.8143943,-18.519623,Gaia DR3 4122470757881214848
24191,331209300015095,265.2501705,-16.3034737,Gaia DR3 4124125282361429504
24908,331212100010159,260.2452827,-15.3670042,Gaia DR3 4137697104137428992
25637,332104200035619,266.106219,-19.6315392,Gaia DR3 4119884023727270272
25807,332204200036702,266.1062324,-19.6315603,Gaia DR3 4119884023727270272
26269,332304200086705,266.1062459,-19.6315855,Gaia DR3 4119884023727270272
26438,333101200091282,278.6702197,-19.1254949,Gaia DR3 4093222030592736512
26464,333105200026347,279.1962642,-17.6305565,Gaia DR3 4099494267768340480
26664,333201200006750,278.6702526,-19.1254835,Gaia DR3 4093222030592736512
27078,333205200033716,279.1963027,-17.6305421,Gaia DR3 4099494267768340480
27810,334107400033539,283.3948944,-18.5622094,Gaia DR3 4086743605003890560
27992,334111300009452,282.6090936,-16.2596659,Gaia DR3 4099367785195918976
28175,334116200006632,280.5491408,-13.4532488,Gaia DR3 4105340680314690048
28359,334207400034609,283.3948576,-18.562177,Gaia DR3 4086743605003890560
29003,336112300018005,294.8437091,-16.6786578,Gaia DR3 4180161033474768640
29200,336212300049582,294.8437137,-16.6786359,Gaia DR3 4180161033474768640
29552,359101200003239,106.1173221,-12.0138284,Gaia DR3 3045782380151800064
29781,359101300008026,106.2650609,-13.0332114,Gaia DR3 3044824675465558016
30012,359101300008853,106.5685855,-13.0605504,Gaia DR3 3044780213963949824
30243,359101300010199,106.0462484,-13.1115018,Gaia DR3 3044825912416343808
30474,359116400018969,101.1849474,-7.633659,Gaia DR3 3099009536192446592
30705,359201300011640,106.2651901,-13.0333992,Gaia DR3 3044824675465558016
31058,359201300012813,106.568711,-13.0607473,Gaia DR3 3044780213963949824
31412,359201300014662,106.0463892,-13.1116733,Gaia DR3 3044825912416343808
31766,359216400024381,101.1849522,-7.6337454,Gaia DR3 3099009536192446592
32124,359316400031377,101.1849533,-7.6337167,Gaia DR3 3099009536192446592
32156,360102400003062,112.5031458,-12.8621674,Gaia DR3 3033623847435711616
32391,360103300021653,109.6170682,-13.5328515,Gaia DR3 3032738431339708800
32626,360108100000335,108.5754196,-9.9861212,Gaia DR3 3047880385777694848
32854,360112100011457,108.8028611,-8.516342,Gaia DR3 3048734710612306432
33086,360203300031498,109.6170595,-13.5329265,Gaia DR3 3032738431339708800
33790,360303300039375,109.6170579,-13.5329162,Gaia DR3 3032738431339708800
33818,384113200032508,282.8417472,-6.7145027,Gaia DR3 4252436021577729792
34078,384114400034281,282.0177317,-7.578511,Gaia DR3 4252246703826179456
34330,385111300006460,286.0956827,-9.0086316,Gaia DR3 4202890245256223744
34548,405316300005387,61.7229614,-0.435913,Gaia DR3 3253821426215252992
34566,409102400000107,94.6785212,-5.5657649,Gaia DR3 3020264089659536256
34808,409113300017741,95.0253029,0.0343796,Gaia DR3 3121757263538104960
34935,409202400000334,94.6786187,-5.5658669,Gaia DR3 3020264089659536256
35176,410101200016218,102.1024716,-5.4585661,Gaia DR3 3101943445534625792
35444,410101300004546,102.1542168,-5.7230855,Gaia DR3 3100422271197119488
35714,410102200018794,100.9597796,-5.302101,Gaia DR3 3100685123196031616
35983,410105200012877,102.6993728,-3.3025716,Gaia DR3 3105809259698525056
36249,410112400016747,97.6834619,-2.5434524,Gaia DR3 3117226068742939392
36444,410113200010829,102.3725791,0.5972856,Gaia DR3 3113620293380843008
36713,410115100006758,99.5571696,0.7366976,Gaia DR3 3119828097371908992
36981,410115100014199,99.7550606,0.4336778,Gaia DR3 3119759206096491776
37249,410201300006151,102.1543171,-5.7231875,Gaia DR3 3100422271197119488
37662,410202200023503,100.9598132,-5.3021949,Gaia DR3 3100685123196031616
38078,410213200015270,102.3726896,0.5971606,Gaia DR3 3113620293380843008
38495,410215100009708,99.5571603,0.7366653,Gaia DR3 3119828097371908992
38910,410301300009860,102.1543109,-5.7231972,Gaia DR3 3100422271197119488
38949,410313200020583,102.3726834,0.5971454,Gaia DR3 3113620293380843008
38988,411103200012913,105.7943859,-5.1489401,Gaia DR3 3101360807453133824
39257,411203200017022,105.7943786,-5.1490044,Gaia DR3 3101360807453133824
40019,411303200024317,105.7944217,-5.1490056,Gaia DR3 3101360807453133824
40051,414314400004887,130.1261635,-0.2125978,Gaia DR3 3075141475211375232
40080,431110100003696,249.9700512,-1.1627232,Gaia DR3 4382345695515446016
40299,431210100005015,249.9700591,-1.1627251,Gaia DR3 4382345695515446016
40639,436103100016683,284.1409978,-4.9663682,Gaia DR3 4254206510178791424
40978,436109100069037,287.9057156,-1.3661424,Gaia DR3 4262272046441893632
41320,436203100019926,284.141026,-4.9663793,Gaia DR3 4254206510178791424
42292,436303100017577,284.1410422,-4.9664084,Gaia DR3 4254206510178791424
42417,437112200033461,287.9057249,-1.3661422,Gaia DR3 4262272046441893632
42682,437113300016212,293.7218025,-0.0911475,Gaia DR3 4239339090052622976
42949,460115300013570,94.8177603,6.9055615,Gaia DR3 3324944877749294592
43242,460215300016879,94.8177463,6.905532,Gaia DR3 3324944877749294592
43698,460315300020491,94.8177711,6.9055077,Gaia DR3 3324944877749294592
43741,481105100012048,243.2192709,3.7927709,Gaia DR3 4437179508624910336
44030,481205100008072,243.219298,3.7927559,Gaia DR3 4437179508624910336
44476,481305100020460,243.2193017,3.7927566,Gaia DR3 4437179508624910336
44581,482116200005909,243.8474613,7.5065343,Gaia DR3 4450387082815571584
44859,482216200007048,243.847463,7.5065365,Gaia DR3 4450387082815571584
45276,482316200008417,243.8474799,7.5065415,Gaia DR3 4450387082815571584
45383,484105400012991,264.2617829,3.0604981,Gaia DR3 4377022405672156416
45750,484205400056698,264.2617946,3.0605079,Gaia DR3 4377022405672156416
46391,489115100056329,294.9728058,7.9539547,Gaia DR3 4301041036913485312
46676,489215100022615,294.9728175,7.953934,Gaia DR3 4301041036913485312
47606,511109400034560,88.8101067,12.1334786,Gaia DR3 3343033188355163520
47899,511115300001983,84.6025507,14.4439836,Gaia DR3 3347672405868497536
48192,513103400023639,98.7768925,8.7151794,Gaia DR3 3326366000827239040
48500,513203400027068,98.7769224,8.7151446,Gaia DR3 3326366000827239040
49474,513303400006624,98.7769279,8.7151247,Gaia DR3 3326366000827239040
49515,536104100012857,261.7038197,8.9569838,Gaia DR3 4490565814675117312
49937,536116400008555,261.6397017,13.9424256,Gaia DR3 4542408715637413888
50357,536204100018029,261.7038164,8.9569584,Gaia DR3 4490565814675117312
51165,536216400011586,261.6397133,13.9423803,Gaia DR3 4542408715637413888
52009,537102400018530,272.4133924,8.3901224,Gaia DR3 4481419046166092544
52383,537111400002074,270.6273525,12.633096,Gaia DR3 4496328350819258496
52758,537113400033795,273.905636,14.0981566,Gaia DR3 4497511498354622848
53132,537202400023805,272.4136177,8.3902392,Gaia DR3 4481419046166092544
53958,537211400002766,270.6273735,12.6331877,Gaia DR3 4496328350819258496
54789,537213400021265,273.9056022,14.0982213,Gaia DR3 4497511498354622848
55621,539108100004467,282.6397268,11.5872916,Gaia DR3 4504274796240151808
56105,539111200039047,283.4124256,12.8515064,Gaia DR3 4506140087670908672
56588,539211200112153,283.4123994,12.8515812,Gaia DR3 4506140087670908672
57562,539311200045699,283.4124677,12.8515234,Gaia DR3 4506140087670908672
57724,540102300003755,292.7832153,8.8182603,Gaia DR3 4296333340448931200
58225,540110400034072,293.4110671,12.1535867,Gaia DR3 4315360011251038592
58729,540202300004882,292.7832358,8.8182642,Gaia DR3 4296333340448931200
59748,540210400035151,293.411077,12.1535757,Gaia DR3 4315360011251038592
60750,540302300056566,292.7832492,8.8182372,Gaia DR3 4296333340448931200
60910,540310400034326,293.4110905,12.153567,Gaia DR3 4315360011251038592
60993,541110200007164,299.4625603,13.4398751,Gaia DR3 1807075608271552384
61314,541116400005830,296.8150537,14.5233625,Gaia DR3 4317498149009710848
61630,541210200008945,299.4625886,13.4398641,Gaia DR3 1807075608271552384
62486,541215100000111,298.4489494,15.5106161,Gaia DR3 1819667284160239360
62684,541216400006291,296.815072,14.5233428,Gaia DR3 4317498149009710848
63524,543102300005116,313.5203257,8.5515424,Gaia DR3 1750217486861133440
63919,543302300006990,313.5202659,8.5515552,Gaia DR3 1750217486861133440
64028,560106200006789,74.2287707,18.0964686,Gaia DR3 3406590286197846400
64337,560110400006725,75.1121858,19.1850554,Gaia DR3 3408261165914697344
64646,560206200009973,74.2288338,18.0964156,Gaia DR3 3406590286197846400
65055,560210400011189,75.1122689,19.1849778,Gaia DR3 3408261165914697344
65461,562113100009874,91.8607727,22.0967468,Gaia DR3 3423526544838563328
65787,563116200008897,91.8608715,22.0966447,Gaia DR3 3423526544838563328
66124,563216200040107,91.8611691,22.0964955,Gaia DR3 3423526544838563328
66855,564303200026100,101.5484187,16.1339596,Gaia DR3 3357895488887646720
66887,565301100011868,113.0178492,16.2591342,Gaia DR3 3168749806393138560
66916,585105300004117,255.0685433,17.5610728,Gaia DR3 4558674061726907136
67439,586116200004324,256.6923298,22.0978618,Gaia DR3 4568163710366782848
67837,586216200015844,256.6923214,22.0978102,Gaia DR3 4568163710366782848
68469,586316200007616,256.6923148,22.0978498,Gaia DR3 4568163710366782848
68642,587113400008148,270.3644331,21.2470638,Gaia DR3 4576121253979570944
69424,587213400011734,270.3644418,21.2470626,Gaia DR3 4576121253979570944
70412,587301400046261,270.7508888,15.2350076,Gaia DR3 4501491966662718720
70496,587313400014348,270.3644552,21.2470882,Gaia DR3 4576121253979570944
70585,589105400066047,285.0705268,17.2439508,Gaia DR3 4514131303826240640
70930,589115200021391,279.8796346,22.0351786,Gaia DR3 4531981737643983104
71279,589215200028798,279.8796497,22.035202,Gaia DR3 4531981737643983104
72079,590108100029672,286.1609775,18.3537644,Gaia DR3 4514684839222096768
72635,590111400091233,288.330699,19.3968185,Gaia DR3 4516123820725114624
73188,590112300047641,285.7165477,19.7309551,Gaia DR3 4518106656825619712
73741,590208100070767,286.1609338,18.3538537,Gaia DR3 4514684839222096768
74644,590212300098491,285.7165227,19.7310649,Gaia DR3 4518106656825619712
75555,590308100030363,286.1609896,18.3537342,Gaia DR3 4514684839222096768
75714,591101300033736,298.4489421,15.5106085,Gaia DR3 1819667284160239360
76259,591103300015747,294.9833892,15.8096591,Gaia DR3 4318733072393451904
76801,591106200004264,297.0853243,18.787206,Gaia DR3 1824564367190357120
77332,591109300109488,299.0096801,19.1730518,Gaia DR3 1823128851678705280
77877,591113100021421,300.000032,22.2479335,Gaia DR3 1827037654207752320
78421,591201300035254,298.4489568,15.5105945,Gaia DR3 1819667284160239360
79364,591203300014867,294.9833997,15.8096298,Gaia DR3 4318733072393451904
80302,591213100022528,299.9999912,22.2479774,Gaia DR3 1827037654207752320
81255,591301300035246,298.4489762,15.510583,Gaia DR3 1819667284160239360
81414,591303300015236,294.9834125,15.8096368,Gaia DR3 4318733072393451904
81573,591306200055829,297.085346,18.7871564,Gaia DR3 1824564367190357120
81696,591313100023050,300.0000342,22.2479051,Gaia DR3 1827037654207752320
81855,592104100033427,300.8222155,16.3119517,Gaia DR3 1808137014947486208
82239,592114200023369,304.2483471,22.1530513,Gaia DR3 1829393667086673280
82620,592116200023681,300.0000169,22.2479251,Gaia DR3 1827037654207752320
83002,592204100039710,300.8222187,16.3119413,Gaia DR3 1808137014947486208
83989,592214200029479,304.2483526,22.1530324,Gaia DR3 1829393667086673280
84972,592216200065987,300.0000146,22.2479286,Gaia DR3 1827037654207752320
85954,592316200076244,300.0000531,22.2478992,Gaia DR3 1827037654207752320
85969,593108300011271,307.3437731,17.6511572,Gaia DR3 1812089690515655552
86387,593208300013052,307.3437826,17.6511574,Gaia DR3 1812089690515655552
87319,593308300013841,307.3437642,17.6511922,Gaia DR3 1812089690515655552
87433,594313300009299,320.004629,21.4015751,Gaia DR3 1790697141308520448
87546,612115300008622,89.9494883,28.6437415,Gaia DR3 3431508586940946048
87868,617315200005774,127.0926417,29.8587864,Gaia DR3 707988838639921280
87903,628315400001430,209.9995815,28.9062701,Gaia DR3 1452817080654395392
88020,633106300000199,248.7681114,25.1634035,Gaia DR3 1300915941504465792
88841,633206300009494,248.7681244,25.1633653,Gaia DR3 1300915941504465792
89729,633306300000348,248.7681333,25.1633982,Gaia DR3 1300915941504465792
89858,634108100003674,253.2637654,25.4908188,Gaia DR3 1306158589041469184
90947,634208100007708,253.2637612,25.4907929,Gaia DR3 1306158589041469184
92016,634308100008851,253.2637682,25.4908164,Gaia DR3 1306158589041469184
92201,634313300001062,258.8204399,28.9136732,Gaia DR3 4575529957234615040
92381,636209400008847,274.875156,26.7041397,Gaia DR3 4585932569888590464
93143,637105100002081,282.2683374,25.9426767,Gaia DR3 4537573097864377088
93620,637111100002311,277.9357128,27.8653211,Gaia DR3 4587005006040801664
94104,637112300006320,274.8751294,26.7041865,Gaia DR3 4585932569888590464
94584,637205100002900,282.2683446,25.9426361,Gaia DR3 4537573097864377088
95308,637212300010167,274.875155,26.7040963,Gaia DR3 4585932569888590464
96169,638108200003032,282.2683157,25.9426492,Gaia DR3 4537573097864377088
96524,638110400042098,287.5708141,26.9732433,Gaia DR3 2036497952170980736
96880,638115400023343,285.4539033,28.3705862,Gaia DR3 2037308360956406272
97237,638208200003870,282.2683001,25.9427059,Gaia DR3 4537573097864377088
98146,638210400053044,287.5708435,26.9733399,Gaia DR3 2036497952170980736
99056,638215400025998,285.45389,28.3706455,Gaia DR3 2037308360956406272
99960,639107300032275,292.120723,24.6235177,Gaia DR3 2022875655978795136
100544,639110300009661,294.1308643,26.9419987,Gaia DR3 2025048840723754240
101125,639110300039364,293.7808708,26.4537472,Gaia DR3 2024963284967616256
101706,639113200020560,296.2802871,29.4569839,Gaia DR3 2031787953645416704
102276,639113200024496,295.786677,29.3944814,Gaia DR3 2031597635052376576
102847,639210300057693,294.1308947,26.9420134,Gaia DR3 2025048840723754240
103696,639213200021208,296.28031,29.4569817,Gaia DR3 2031787953645416704
104542,639313200020731,296.280326,29.456964,Gaia DR3 2031787953645416704
104711,640109400015823,304.7627342,26.7282436,Gaia DR3 1835878170037853440
105295,640209400019006,304.7627778,26.7283265,Gaia DR3 1835878170037853440
106373,641108100031391,305.7462478,25.4454213,Gaia DR3 1832689281393306496
106817,641112300017335,304.7627409,26.7282308,Gaia DR3 1835878170037853440
107260,641208100062512,305.7463105,25.4454012,Gaia DR3 1832689281393306496
108515,641212300019554,304.7627503,26.7282405,Gaia DR3 1835878170037853440
109764,643113200004033,325.8041524,29.5586965,Gaia DR3 1801402437491191808
110691,643213200006469,325.8041791,29.558704,Gaia DR3 1801402437491191808
111840,643313200006249,325.8041596,29.5587267,Gaia DR3 1801402437491191808
112047,656106300008327,63.5442314,31.6691885,Gaia DR3 169458931096116352
112406,659101200009526,88.6180504,30.8994314,Gaia DR3 3444099365170888192
112745,659106200023223,86.395497,32.8208052,Gaia DR3 3448292322700683264
113086,660104300043874,90.683525,30.1265682,Gaia DR3 3437761402188634752
113088,675112100001354,209.150818,34.8258559,Gaia DR3 1482887525379428224
113647,675212100002906,209.1508202,34.825852,Gaia DR3 1482887525379428224
114257,675312100003199,209.1508127,34.8258361,Gaia DR3 1482887525379428224
114470,681307400012489,258.6057048,31.5834933,Gaia DR3 1333493685058234880
114665,681314300011045,259.1943631,35.5458745,Gaia DR3 1336799091888985600
114867,683105400013059,278.48915,31.6400883,Gaia DR3 4589034532709089664
115835,684108300020415,278.48919,31.6400435,Gaia DR3 4589034532709089664
116800,684111100005860,281.9467192,34.8923519,Gaia DR3 2091640105260286208
117757,684208300027913,278.4891254,31.6400821,Gaia DR3 4589034532709089664
118927,684211100029024,281.9467994,34.8923368,Gaia DR3 2091640105260286208
120102,684311100029535,281.946781,34.8923306,Gaia DR3 2091640105260286208
120189,685101400008532,293.9807016,30.2783518,Gaia DR3 2032684811511079936
120623,685101400012066,294.3884071,30.203856,Gaia DR3 2032490090563564288
121057,685201400014227,294.3885445,30.203912,Gaia DR3 2032490090563564288
121918,685201400057147,293.980861,30.2784148,Gaia DR3 2032684811511079936
122780,686104300013030,294.3883889,30.2038464,Gaia DR3 2032490090563564288
123395,686104400028026,295.1581431,29.9775052,Gaia DR3 2032435939600614656
124007,686104400066923,295.7732805,30.0132412,Gaia DR3 2032052351837104128
124621,686110300011075,299.3256331,34.1009339,Gaia DR3 2035249147499971840
125253,686112100017724,295.7864305,34.8379381,Gaia DR3 2047353396121717376
125882,686114100024172,299.6690316,36.6708722,Gaia DR3 2059808595139461376
126510,686114300009452,298.7499904,36.0442725,Gaia DR3 2059678646610374272
127142,686114400033215,299.7621154,35.6026879,Gaia DR3 2059500388281433344
127775,686204300012584,294.3883689,30.2038582,Gaia DR3 2032490090563564288
128635,686204400025141,295.7732135,30.01323,Gaia DR3 2032052351837104128
129480,686204400026444,295.1581019,29.9775162,Gaia DR3 2032435939600614656
130325,686210300056235,299.3256576,34.1009456,Gaia DR3 2035249147499971840
131212,686212100018933,295.786423,34.8379494,Gaia DR3 2047353396121717376
132098,686214100101762,299.6690373,36.6709103,Gaia DR3 2059808595139461376
132969,686214300050990,298.7499709,36.0443206,Gaia DR3 2059678646610374272
133839,686214400032666,299.7620984,35.6026943,Gaia DR3 2059500388281433344
134728,686304300012405,294.3884093,30.2038306,Gaia DR3 2032490090563564288
134888,686304400025839,295.773106,30.0132568,Gaia DR3 2032052351837104128
135041,686304400076122,295.1580327,29.9775346,Gaia DR3 2032435939600614656
135194,686310300061574,299.3256769,34.1009393,Gaia DR3 2035249147499971840
135354,686312100067646,295.7864354,34.8379944,Gaia DR3 2047353396121717376
135516,686314100145853,299.6690377,36.670883,Gaia DR3 2059808595139461376
135678,686314300008593,298.7499962,36.0442726,Gaia DR3 2059678646610374272
135837,686314400031644,299.7621136,35.6026883,Gaia DR3 2059500388281433344
135998,688108100006746,310.5518211,33.0915403,Gaia DR3 1863242785381594112
136058,688111200004791,311.8917413,35.0803841,Gaia DR3 1869515361783889664
136545,688114200013880,314.5663029,36.7780159,Gaia DR3 1871538566251052800
137028,688214200017185,314.5663511,36.7779858,Gaia DR3 1871538566251052800
138165,689111200022956,320.2151907,34.3479492,Gaia DR3 1855264729003293824
138595,689211200031078,320.2151838,34.3479309,Gaia DR3 1855264729003293824
139591,690106400010093,331.203019,31.567202,Gaia DR3 1898657883100188544
140104,690206400016892,331.2031068,31.5671822,Gaia DR3 1898657883100188544
140883,692314100015897,346.3399442,36.9175556,Gaia DR3 1915930798455044096
140978,698308100001059,34.1989275,40.3267625,Gaia DR3 332931364976466304
141035,702109400005210,76.3469309,41.1654407,Gaia DR3 200896515455915648
141443,703106400007193,82.0926477,39.1772765,Gaia DR3 190689950872633856
141835,712301100003955,162.3037954,38.0041644,Gaia DR3 775796304839770880
141901,713304200004529,162.3037718,38.0041656,Gaia DR3 775796304839770880
141970,725106100002399,271.4962756,40.2195123,Gaia DR3 2112562574587422976
143055,725305100014920,273.8046298,39.709437,Gaia DR3 2109335787135270400
143168,726105200011461,281.1648118,39.6487589,Gaia DR3 2098226081131178880
144282,726114100003140,280.0972918,43.9390853,Gaia DR3 2117150840907657216
145403,726116100004502,275.4198109,43.7024409,Gaia DR3 2115021426183430144
146512,726205200017178,281.1648158,39.6487921,Gaia DR3 2098226081131178880
147813,726214100005429,280.097282,43.9391682,Gaia DR3 2117150840907657216
149116,726216100017270,275.4197981,43.7024707,Gaia DR3 2115021426183430144
150399,726305200034904,281.1648726,39.6487112,Gaia DR3 2098226081131178880
150477,726308200027283,273.8046117,39.7094158,Gaia DR3 2109335787135270400
150555,726314100007753,280.097316,43.9390923,Gaia DR3 2117150840907657216
150633,726316100010546,275.4198446,43.7024485,Gaia DR3 2115021426183430144
150711,727111400009360,286.2541093,41.0315272,Gaia DR3 2100882501225439488
151166,727211400015085,286.2541603,41.0316293,Gaia DR3 2100882501225439488
152122,728101300026789,298.9893157,37.1862159,Gaia DR3 2071856008429351680
152618,728109200005292,298.8906989,42.2098828,Gaia DR3 2075432998943924736
153120,728113300031830,298.7854806,42.6501971,Gaia DR3 2075547515637225344
153618,728201100075272,299.8458883,37.8040524,Gaia DR3 2072261693867802880
154497,728201300029128,298.989502,37.1862518,Gaia DR3 2071856008429351680
155374,728209200006628,298.8907403,42.2099219,Gaia DR3 2075432998943924736
156262,728213300057578,298.7854967,42.6502456,Gaia DR3 2075547515637225344
157144,729104200035382,299.8457332,37.803978,Gaia DR3 2072261693867802880
157829,729111300017884,302.3352607,41.1738025,Gaia DR3 2074578193065540224
158516,729304200146498,299.8457453,37.8039706,Gaia DR3 2072261693867802880
158679,730106300050685,313.5133704,39.0127016,Gaia DR3 1872813759223616896
159327,730206300034215,313.5133746,39.0127039,Gaia DR3 1872813759223616896
160185,730302400103729,314.5663949,36.7779681,Gaia DR3 1871538566251052800
160270,731114400049287,323.5114508,43.0162978,Gaia DR3 1967636947667363840
160784,763103100000009,262.8524093,45.7476259,Gaia DR3 1361156057583031936
161208,763203100013585,262.8524457,45.7475837,Gaia DR3 1361156057583031936
161661,764206100001744,274.5464587,47.5237279,Gaia DR3 2122044831583708416
162346,764306100002050,274.5465147,47.5236639,Gaia DR3 2122044831583708416
162398,766101200001478,295.5009662,45.6611088,Gaia DR3 2080001057429056640
163319,766105200022639,296.0597393,46.8025175,Gaia DR3 2080540161723282944
164281,766201200031020,295.5011055,45.6610458,Gaia DR3 2080001057429056640
165497,766205200027266,296.0599861,46.8023367,Gaia DR3 2080540161723282944
166765,766301200001311,295.5011354,45.6609988,Gaia DR3 2080001057429056640
166858,766305200033337,296.0599441,46.802379,Gaia DR3 2080540161723282944
166954,767112400001845,299.0046108,48.6053437,Gaia DR3 2086871493274378624
167435,767114100022820,303.9842284,50.8201079,Gaia DR3 2088135515026030208
167595,767212400002031,299.0046449,48.6054406,Gaia DR3 2086871493274378624
168569,767214100029484,303.9842575,50.8201382,Gaia DR3 2088135515026030208
169066,768105400007544,317.2198513,46.5490307,Gaia DR3 2164342945153149568
169790,768105400011376,316.9846464,46.4880721,Gaia DR3 2164339023814988416
170513,768105400026740,316.4164599,46.2347575,Gaia DR3 2162840355106522368
171225,768305400053955,317.0507978,45.8134935,Gaia DR3 2162762427223310336
171340,769105300001360,325.2599383,46.717204,Gaia DR3 1977328902153213440
172010,769106300045005,322.9223987,46.5730687,Gaia DR3 1977454830597065600
172731,769108100079423,318.0091228,46.9852123,Gaia DR3 2164422964661423360
173057,769108300010364,316.9846521,46.4880594,Gaia DR3 2164339023814988416
173770,769108300044193,317.2199067,46.5489911,Gaia DR3 2164342945153149568
174484,769111400021670,321.2359702,48.2079661,Gaia DR3 2164734298245053312
175198,769113100019166,327.5231401,50.7068608,Gaia DR3 1980522738604744704
175912,769205300001221,325.2599657,46.7172108,Gaia DR3 1977328902153213440
177312,769206300011505,322.922428,46.573064,Gaia DR3 1977454830597065600
178765,769306300011354,322.9224288,46.5730631,Gaia DR3 1977454830597065600
178915,770103300030054,330.4589759,44.3153615,Gaia DR3 1962726494373022464
179480,770115300029844,329.7935897,49.9972917,Gaia DR3 1979916980727866880
180040,770115300048564,330.4266122,50.1386091,Gaia DR3 1979907978477074560
180601,770116200019361,327.5231465,50.7068964,Gaia DR3 1980522738604744704
181160,770203300022460,330.458999,44.3153391,Gaia DR3 1962726494373022464
182096,770215300026652,330.4266992,50.1385545,Gaia DR3 1979907978477074560
183021,770303300052991,330.4590001,44.3153279,Gaia DR3 1962726494373022464
183072,771204100045394,338.3888002,45.0994734,Gaia DR3 1982956748109038208
184253,792115100001462,211.899387,58.346042,Gaia DR3 1659676827481828608
185298,792215100021219,211.8993803,58.3460623,Gaia DR3 1659676827481828608
186397,792315100003320,211.8993962,58.346069,Gaia DR3 1659676827481828608
186767,793107300003992,221.6633045,53.1573361,Gaia DR3 1605967612907047808
187900,793207300015550,221.6633027,53.1573019,Gaia DR3 1605967612907047808
188946,793307300017048,221.663153,53.157362,Gaia DR3 1605967612907047808
189278,799113200015895,295.7273735,58.0521778,Gaia DR3 2235411322294085376
189941,799213200010319,295.7273917,58.0522204,Gaia DR3 2235411322294085376
190798,800116200006758,295.7273678,58.0521714,Gaia DR3 2235411322294085376
191332,800216200008839,295.7274868,58.0522579,Gaia DR3 2235411322294085376
192067,802101100037374,329.2366299,52.0204176,Gaia DR3 1981078958362033408
192668,803110300001545,335.7218907,55.8789132,Gaia DR3 2005989455128321920
193225,803113100021402,340.6503466,58.0159158,Gaia DR3 2008081825761766016
193832,803213100028625,340.6502777,58.0159861,Gaia DR3 2008081825761766016
194835,804116100020190,340.6503531,58.0159403,Gaia DR3 2008081825761766016
195451,804216100028777,340.650344,58.0159456,Gaia DR3 2008081825761766016
196318,804316100033486,340.650346,58.0159251,Gaia DR3 2008081825761766016
196369,807106300025997,20.9191585,60.3672726,Gaia DR3 510251396202508544
196829,807206300047978,20.9189419,60.3673838,Gaia DR3 510251396202508544
198067,809108100008000,41.887825,61.6861336,Gaia DR3 465740004410971008
198518,809108100025415,42.0854391,61.8287357,Gaia DR3 465742959348386560
198969,809112400014665,42.2515084,62.5355334,Gaia DR3 467327699201283072
199417,809208100010408,41.8874121,61.6858336,Gaia DR3 465740004410971008
199998,809308100015102,41.8874114,61.6858274,Gaia DR3 465740004410971008
200049,821101300003702,211.899278,58.3461026,Gaia DR3 1659676827481828608
200860,821110100000952,209.5477188,63.7440293,Gaia DR3 1670853985949396608
201699,821201300008054,211.8993796,58.3460363,Gaia DR3 1659676827481828608
202488,821210100001830,209.5477979,63.7440373,Gaia DR3 1670853985949396608
203304,821301300018024,211.8994422,58.3460357,Gaia DR3 1659676827481828608
203541,821310100002232,209.5477989,63.7440436,Gaia DR3 1670853985949396608
203781,827305400040609,294.051361,60.3934441,Gaia DR3 2239188728850416896
203881,828208300012129,294.0511918,60.3934982,Gaia DR3 2239188728850416896
204960,828308300015354,294.0513354,60.3934254,Gaia DR3 2239188728850416896
205070,830101200013707,331.8403347,59.7291138,Gaia DR3 2199959837609726592
205731,830102300004802,327.076512,59.1797206,Gaia DR3 2202657210203596672
206393,830102400008797,328.9630621,58.9992154,Gaia DR3 2202507028094500224
207055,830202300005427,327.0764241,59.1797876,Gaia DR3 2202657210203596672
208173,830202400012148,328.9630368,58.9992974,Gaia DR3 2202507028094500224
209291,830302400015681,328.9631982,58.9991383,Gaia DR3 2202507028094500224
209333,848304100005793,260.777012,66.8004562,Gaia DR3 1634082193949189504
209497,849203100004815,281.4781915,66.9300132,Gaia DR3 2258592635179037440
210516,849303100006397,281.4781369,66.9300208,Gaia DR3 2258592635179037440
210620,1301214100025587,107.7611748,-17.5892998,Gaia DR3 2934748237084371584
210638,1302207200000667,112.4369982,-20.7405669,Gaia DR3 5620257902771084928
210645,1351109100007182,106.117449,-12.0139334,Gaia DR3 3045782380151800064
210662,1351109400016293,106.0463854,-13.1116338,Gaia DR3 3044825912416343808
210679,1351209100011317,106.1174159,-12.0138564,Gaia DR3 3045782380151800064
210730,1351209400022486,106.0463933,-13.111649,Gaia DR3 3044825912416343808
210781,1352105100022182,112.745712,-14.1765087,Gaia DR3 3033186585406814080
210790,1352106200013079,109.6700463,-13.9779528,Gaia DR3 3032644697970894208
210799,1352107300039657,107.6154392,-15.0828588,Gaia DR3 3032142324237844864
210808,1352108100012611,107.0035423,-13.986254,Gaia DR3 3044463004858930560
210817,1352112200009958,106.1174466,-12.013938,Gaia DR3 3045782380151800064
210826,1352112300016911,106.2651814,-13.0333773,Gaia DR3 3044824675465558016
210835,1352112400008392,106.7349768,-12.7745228,Gaia DR3 3044887931744336640
210844,1352112400016216,106.5687182,-13.0607125,Gaia DR3 3044780213963949824
210853,1352115100007444,108.5754121,-9.9861933,Gaia DR3 3047880385777694848
210862,1352204400001911,107.3348649,-16.3690023,Gaia DR3 2935832626121938944
210912,1352205100025420,112.7457112,-14.1765106,Gaia DR3 3033186585406814080
210963,1352206200045086,109.6700497,-13.9779711,Gaia DR3 3032644697970894208
211014,1352208100016614,107.0035422,-13.9862628,Gaia DR3 3044463004858930560
211065,1352212300019055,106.265184,-13.0333783,Gaia DR3 3044824675465558016
211117,1352212400021601,106.5687093,-13.0607194,Gaia DR3 3044780213963949824
211169,1352215100055125,108.5754064,-9.9862011,Gaia DR3 3047880385777694848
211220,1353208200024612,112.7457087,-14.1765086,Gaia DR3 3033186585406814080
211259,1377206100015077,283.7832485,-13.7697586,Gaia DR3 4102315335351226752
211260,1402109400004825,94.6786129,-5.565892,Gaia DR3 3020264089659536256
211312,1402209400006757,94.678605,-5.5658095,Gaia DR3 3020264089659536256
211362,1403105300011026,101.1849474,-7.6337343,Gaia DR3 3099009536192446592
211411,1403109400011450,102.1543679,-5.7231593,Gaia DR3 3100422271197119488
211461,1403115100000163,97.6834639,-2.5434988,Gaia DR3 3117226068742939392
211507,1403205300013221,101.1849233,-7.6337327,Gaia DR3 3099009536192446592
211556,1403209400015652,102.1543057,-5.7232038,Gaia DR3 3100422271197119488
211604,1404101100008081,108.8028635,-8.5163529,Gaia DR3 3048734710612306432
211629,1404110200021174,105.7944075,-5.1490188,Gaia DR3 3101360807453133824
211655,1404112300011683,102.1543224,-5.7231846,Gaia DR3 3100422271197119488
211681,1404116200016481,102.699455,-3.3026777,Gaia DR3 3105809259698525056
211704,1404210200026473,105.7943855,-5.1490257,Gaia DR3 3101360807453133824
211753,1404212300014591,102.1543052,-5.7231887,Gaia DR3 3100422271197119488
211802,1429105400022433,282.0177468,-7.5785259,Gaia DR3 4252246703826179456
211806,1429205400074671,282.0177423,-7.5785023,Gaia DR3 4252246703826179456
211808,1430102200052950,286.0957103,-9.0086579,Gaia DR3 4202890245256223744
211810,1430108200023716,282.8417935,-6.7145311,Gaia DR3 4252436021577729792
211812,1430202200050721,286.0957115,-9.0086633,Gaia DR3 4202890245256223744
211817,1454101400012742,97.6834033,-2.5434921,Gaia DR3 3117226068742939392
211868,1454106200014932,95.0254036,0.0342475,Gaia DR3 3121757263538104960
211919,1455106200005443,102.3726903,0.5971674,Gaia DR3 3113620293380843008
211972,1455108100001728,99.5571622,0.7366493,Gaia DR3 3119828097371908992
212025,1455108100008013,99.7550638,0.4336277,Gaia DR3 3119759206096491776
212078,1455206200008355,102.3726754,0.5971621,Gaia DR3 3113620293380843008
212129,1476101200023124,249.9700686,-1.1627431,Gaia DR3 4382345695515446016
212136,1476201200002178,249.9700739,-1.1627313,Gaia DR3 4382345695515446016
212155,1477116100016725,252.8878299,3.9868714,Gaia DR3 4386438009074756608
212156,1478103300016659,260.5555607,-2.6559565,Gaia DR3 4366967131319071360
212159,1507108300006155,94.8177332,6.9055091,Gaia DR3 3324944877749294592
212208,1507110300008615,98.7769254,8.715134,Gaia DR3 3326366000827239040
212257,1507208300007936,94.8177569,6.9055051,Gaia DR3 3324944877749294592
212307,1507210300045774,98.776904,8.7151639,Gaia DR3 3326366000827239040
212357,1528107100004335,243.8474879,7.5065163,Gaia DR3 4450387082815571584
212375,1530209400003345,261.7038202,8.9569781,Gaia DR3 4490565814675117312
212388,1532111400024120,272.413391,8.3901193,Gaia DR3 4481419046166092544
212406,1532211400034404,272.4134671,8.3902537,Gaia DR3 4481419046166092544
212432,1533113100015062,282.6396918,11.5873092,Gaia DR3 4504274796240151808
212458,1535106100004195,294.9728187,7.953953,Gaia DR3 4301041036913485312
212494,1535111400016900,292.7832383,8.8182604,Gaia DR3 4296333340448931200
212530,1535206100004450,294.9728292,7.9539586,Gaia DR3 4301041036913485312
212571,1535211400018525,292.7832323,8.8182776,Gaia DR3 4296333340448931200
212612,1536101300019929,302.7985533,4.6184267,Gaia DR3 4247671528455633024
212648,1555114400001093,74.2288634,18.0963228,Gaia DR3 3406590286197846400
212703,1555214400001604,74.2288719,18.0963108,Gaia DR3 3406590286197846400
212773,1557108100015516,84.6025494,14.4439428,Gaia DR3 3347672405868497536
212824,1557109100006294,90.2451169,16.6686472,Gaia DR3 3348967012091706368
212875,1558109200027437,96.8176333,16.9748325,Gaia DR3 3369586321148818816
212924,1582107400006202,261.639702,13.942404,Gaia DR3 4542408715637413888
212943,1582207400008169,261.6396197,13.9426439,Gaia DR3 4542408715637413888
212975,1583102100018634,270.6273897,12.6330629,Gaia DR3 4496328350819258496
212998,1583202100025374,270.6275864,12.6332173,Gaia DR3 4496328350819258496
213030,1584208400013355,273.9056222,14.0981179,Gaia DR3 4497511498354622848
213077,1585113200037340,286.1609569,18.3537715,Gaia DR3 4514684839222096768
213102,1585213200043790,286.1608335,18.3539082,Gaia DR3 4514684839222096768
213158,1586101400019237,293.4110882,12.153579,Gaia DR3 4315360011251038592
213197,1587107100047373,296.8150681,14.5233491,Gaia DR3 4317498149009710848
213246,1587109100041306,300.8222308,16.3119557,Gaia DR3 1808137014947486208
213293,1587110300049513,298.4489526,15.5106116,Gaia DR3 1819667284160239360
213343,1587112400029670,294.9834076,15.8096482,Gaia DR3 4318733072393451904
213394,1587115100016357,297.0853461,18.787185,Gaia DR3 1824564367190357120
213445,1587207100045565,296.8150712,14.5233568,Gaia DR3 4317498149009710848
213497,1587212400027390,294.9833905,15.8096625,Gaia DR3 4318733072393451904
213550,1587215100016035,297.0853553,18.7871904,Gaia DR3 1824564367190357120
213602,1588113300017056,307.3437884,17.6511617,Gaia DR3 1812089690515655552
213654,1588213300044038,307.3437526,17.6511947,Gaia DR3 1812089690515655552
213705,1630113200004868,253.2637615,25.4908143,Gaia DR3 1306158589041469184
213725,1630213200009019,253.2637992,25.4907829,Gaia DR3 1306158589041469184
213753,1631107200003736,256.6923249,22.0978288,Gaia DR3 4568163710366782848
213771,1631207200004463,256.692265,22.0979288,Gaia DR3 4568163710366782848
213805,1633208400007338,270.364296,21.2471351,Gaia DR3 4576121253979570944
213860,1634107100014336,279.8796715,22.0351578,Gaia DR3 4531981737643983104
213896,1634113200054630,282.2683343,25.9426312,Gaia DR3 4537573097864377088
213932,1634201400058040,283.6845596,19.0032841,Gaia DR3 4517634584064664832
213987,1634201400080939,283.5964451,18.8823959,Gaia DR3 4517624795855717248
214042,1634207100018232,279.8797404,22.0353021,Gaia DR3 4531981737643983104
214099,1634213200013051,282.2682355,25.9427777,Gaia DR3 4537573097864377088
214156,1635103200048579,285.7165326,19.7309457,Gaia DR3 4518106656825619712
214199,1635104300043004,283.5961258,18.8822805,Gaia DR3 4517624795855717248
214245,1635203200050017,285.7164163,19.7309687,Gaia DR3 4518106656825619712
214297,1635204300042896,283.5960175,18.8823051,Gaia DR3 4517624795855717248
214350,1636101300087469,297.0854242,18.787181,Gaia DR3 1824564367190357120
214370,1636115100003301,294.0301145,26.1986625,Gaia DR3 2024941187298758528
214418,1636215100002778,294.0301187,26.1986622,Gaia DR3 2024941187298758528
214471,1636315100003402,294.0301432,26.1986425,Gaia DR3 2024941187298758528
214484,1636316400046373,292.1207709,24.6234708,Gaia DR3 2022875655978795136
214497,1637105200037908,304.2483744,22.1530294,Gaia DR3 1829393667086673280
214547,1637113100035497,305.7462983,25.4454172,Gaia DR3 1832689281393306496
214594,1637205200014863,304.2484137,22.1530836,Gaia DR3 1829393667086673280
214648,1637213100045469,305.7462988,25.4454364,Gaia DR3 1832689281393306496
214702,1638116200036437,305.7462981,25.4454113,Gaia DR3 1832689281393306496
214753,1638216200045092,305.7463063,25.4454196,Gaia DR3 1832689281393306496
214814,1638316200049132,305.7463109,25.4454019,Gaia DR3 1832689281393306496
214828,1657108400002584,89.949481,28.6437095,Gaia DR3 3431508586940946048
214878,1673313200000699,217.5978133,33.3636306,Gaia DR3 1287403050976262272
214894,1681203300003710,274.875072,26.7041369,Gaia DR3 4585932569888590464
214953,1682101100036052,287.57084,26.9732275,Gaia DR3 2036497952170980736
215009,1682106400015274,285.4539133,28.3705761,Gaia DR3 2037308360956406272
215065,1682201100065059,287.5710005,26.9733373,Gaia DR3 2036497952170980736
215123,1682206400018001,285.45403,28.3706503,Gaia DR3 2037308360956406272
215181,1683101200047178,294.1309109,26.9420055,Gaia DR3 2025048840723754240
215234,1683101300040640,294.030125,26.1986547,Gaia DR3 2024941187298758528
215287,1683102400024755,293.7809232,26.4537454,Gaia DR3 2024963284967616256
215339,1683105100009829,295.7867218,29.3945099,Gaia DR3 2031597635052376576
215394,1683105400051027,295.4093416,28.6600051,Gaia DR3 2031358216409065856
215448,1683109300027070,294.3884032,30.2038523,Gaia DR3 2032490090563564288
215504,1683109400037338,295.7732792,30.0132438,Gaia DR3 2032052351837104128
215560,1683109400040631,295.1581514,29.9775117,Gaia DR3 2032435939600614656
215616,1683201200044980,294.1309091,26.9419903,Gaia DR3 2025048840723754240
215673,1683201300036822,294.0301305,26.1986637,Gaia DR3 2024941187298758528
215726,1683202400022009,293.7809267,26.4537477,Gaia DR3 2024963284967616256
215782,1683205400002827,295.4093409,28.6599871,Gaia DR3 2031358216409065856
215836,1683209300027483,294.3883938,30.2038383,Gaia DR3 2032490090563564288
215892,1683209400037562,295.7732972,30.0132203,Gaia DR3 2032052351837104128
215949,1683209400040893,295.1581472,29.9774935,Gaia DR3 2032435939600614656
216006,1683302400023822,293.7809263,26.4537245,Gaia DR3 2024963284967616256
216020,1683305100057014,295.7867225,29.3944768,Gaia DR3 2031597635052376576
216034,1683309400037381,295.7732822,30.0132105,Gaia DR3 2032052351837104128
216048,1683309400040618,295.1581545,29.9774872,Gaia DR3 2032435939600614656
216062,1684108200010038,295.7867124,29.3944989,Gaia DR3 2031597635052376576
216113,1684108300002600,295.4093305,28.6599955,Gaia DR3 2031358216409065856
216164,1684111200085033,297.6004434,31.36399,Gaia DR3 2033711583586441344
216215,1684112300039103,295.773279,30.013247,Gaia DR3 2032052351837104128
216266,1684208300052981,295.4092372,28.6601428,Gaia DR3 2031358216409065856
216322,1684212300080197,295.7732223,30.0133893,Gaia DR3 2032052351837104128
216378,1684311200010597,297.6004449,31.3639567,Gaia DR3 2033711583586441344
216391,1684312300039156,295.7732919,30.013223,Gaia DR3 2032052351837104128
216404,1685113100013213,310.5518401,33.0915401,Gaia DR3 1863242785381594112
216459,1685213100018132,310.5518442,33.0915699,Gaia DR3 1863242785381594112
216520,1686116200014430,310.5518491,33.0915292,Gaia DR3 1863242785381594112
216578,1686216200016743,310.5518706,33.0915442,Gaia DR3 1863242785381594112
216640,1686312100056835,312.0269586,31.2352823,Gaia DR3 1859749190261227264
216660,1686316200018878,310.5518707,33.091515,Gaia DR3 1863242785381594112
216680,1687105100000442,325.8041859,29.5587152,Gaia DR3 1801402437491191808
216739,1687205100000808,325.8041653,29.5587092,Gaia DR3 1801402437491191808
216811,1696316100005298,34.1989247,40.3267596,Gaia DR3 332931364976466304
216828,1716101100007862,209.1508904,34.8258647,Gaia DR3 1482887525379428224
216853,1716201100008315,209.1508814,34.8258613,Gaia DR3 1482887525379428224
216884,1717104200000123,209.1508054,34.8258232,Gaia DR3 1482887525379428224
216911,1718104300006237,217.5976831,33.363624,Gaia DR3 1287403050976262272
216940,1718204300016901,217.5978182,33.3635986,Gaia DR3 1287403050976262272
216977,1725114300002177,281.1648366,39.6487466,Gaia DR3 2098226081131178880
217030,1725214300003191,281.1648586,39.6487275,Gaia DR3 2098226081131178880
217086,1727101200034572,299.325752,34.1009695,Gaia DR3 2035249147499971840
217132,1727103100005379,295.7864342,34.8379446,Gaia DR3 2047353396121717376
217190,1727105100017029,300.6071378,36.4472085,Gaia DR3 2059930675290264448
217249,1727105200007194,299.6690311,36.6708956,Gaia DR3 2059808595139461376
217308,1727105300017469,299.762107,35.6027008,Gaia DR3 2059500388281433344
217367,1727106100046148,298.750008,36.0442842,Gaia DR3 2059678646610374272
217423,1727110400065299,298.9893889,37.1861993,Gaia DR3 2071856008429351680
217481,1727201200041953,299.3256854,34.1009427,Gaia DR3 2035249147499971840
217541,1727203100005454,295.7864418,34.8379556,Gaia DR3 2047353396121717376
217600,1727205100018604,300.6071384,36.4471956,Gaia DR3 2059930675290264448
217659,1727205200057164,299.6690249,36.6708734,Gaia DR3 2059808595139461376
217717,1727205300018367,299.7620919,35.6026882,Gaia DR3 2059500388281433344
217778,1727206100081575,298.7500043,36.0442675,Gaia DR3 2059678646610374272
217836,1729105200024823,316.795762,36.2086091,Gaia DR3 1868328640828879104
217893,1729106200002307,314.5663767,36.7779946,Gaia DR3 1871538566251052800
217950,1729206200002985,314.5663617,36.7779885,Gaia DR3 1871538566251052800
218023,1730103200018277,320.2152071,34.3479349,Gaia DR3 1855264729003293824
218084,1730203200024422,320.2151977,34.3479318,Gaia DR3 1855264729003293824
218169,1731315100019981,329.388298,40.1230103,Gaia DR3 1959284782459150848
218182,1743106200029161,82.0335774,43.3937992,Gaia DR3 195683657808347520
218240,1763112100001455,262.8524883,45.7476166,Gaia DR3 1361156057583031936
218272,1763212100002590,262.8524964,45.747653,Gaia DR3 1361156057583031936
218330,1764105100035890,280.0973442,43.9391333,Gaia DR3 2117150840907657216
218364,1765102400004825,286.2542227,41.0315531,Gaia DR3 2100882501225439488
218413,1765108200000168,280.0972855,43.9391379,Gaia DR3 2117150840907657216
218459,1765202400006321,286.2541753,41.0315497,Gaia DR3 2100882501225439488
218523,1765208200017590,280.0973084,43.9391282,Gaia DR3 2117150840907657216
218581,1766110100007833,295.5012027,45.6609463,Gaia DR3 2080001057429056640
218637,1766114400004890,296.0599838,46.8023503,Gaia DR3 2080540161723282944
218693,1766210100011257,295.5012105,45.6609373,Gaia DR3 2080001057429056640
218767,1766214400006739,296.059983,46.8023251,Gaia DR3 2080540161723282944
218843,1767103400073768,302.335267,41.173802,Gaia DR3 2074578193065540224
218899,1768109100038019,317.0507781,45.8135299,Gaia DR3 2162762427223310336
218956,1768113400018040,317.2199102,46.5490085,Gaia DR3 2164342945153149568
219011,1769112200002531,317.0508169,45.8135479,Gaia DR3 2162762427223310336
219079,1769113300009064,325.2599807,46.7172144,Gaia DR3 1977328902153213440
219149,1769114300022131,322.9224378,46.5730819,Gaia DR3 1977454830597065600
219219,1769116300020454,317.2199387,46.5490205,Gaia DR3 2164342945153149568
219287,1769116300061577,316.4165435,46.2347408,Gaia DR3 2162840355106522368
219345,1769213300012465,325.2599941,46.7172202,Gaia DR3 1977328902153213440
219437,1769214300024516,322.9224235,46.5730669,Gaia DR3 1977454830597065600
219529,1769316300026246,317.2199151,46.5489815,Gaia DR3 2164342945153149568
219542,1769316300029645,316.9846971,46.4880387,Gaia DR3 2164339023814988416
219555,1770111400024606,330.4589854,44.3153973,Gaia DR3 1962726494373022464
219621,1803106100035158,303.984259,50.820113,Gaia DR3 2088135515026030208
219675,1805103300009119,321.2359639,48.2079735,Gaia DR3 2164734298245053312
219730,1805105100016930,327.5232236,50.7068651,Gaia DR3 1980522738604744704
219788,1806107300010376,330.4267172,50.1385497,Gaia DR3 1979907978477074560
219846,1806108200016592,327.5232407,50.7068584,Gaia DR3 1980522738604744704
219904,1806112400010023,329.2366216,52.0204195,Gaia DR3 1981078958362033408
219962,1806113100000676,338.1146398,54.9190601,Gaia DR3 2006394663832150272
220012,1806207300012482,330.4266742,50.1385631,Gaia DR3 1979907978477074560
220105,1807116100002969,338.114667,54.919066,Gaia DR3 2006394663832150272
220168,1807316100004412,338.1146622,54.9190521,Gaia DR3 2006394663832150272
220181,1807316200000065,337.6440974,54.9928552,Gaia DR3 2006433279867405440
220188,1812114100004800,45.3073605,62.0559433,Gaia DR3 466359540552004352
220249,1812115100013103,42.0849609,61.8284198,Gaia DR3 465742959348386560
220310,1812115100032389,41.8873756,61.6858483,Gaia DR3 465740004410971008
220371,1812115200029389,40.5839822,61.9094688,Gaia DR3 465790405842296448
220432,1812215100024896,41.8873685,61.685819,Gaia DR3 465740004410971008
220513,1812314100008797,45.3074208,62.0559286,Gaia DR3 466359540552004352
220533,1812315100027962,41.887397,61.6858264,Gaia DR3 465740004410971008
220553,1812315200016334,40.5839913,61.9094629,Gaia DR3 465790405842296448
220573,1829214200000471,247.8516916,62.1832052,Gaia DR3 1625627602365544832
220623,1833106200006252,295.7274217,58.0521935,Gaia DR3 2235411322294085376
220673,1833206200009920,295.7274006,58.0521923,Gaia DR3 2235411322294085376
220737,1836110200023857,331.8405615,59.7290453,Gaia DR3 2199959837609726592
220790,1836111300017712,328.9632279,58.9991604,Gaia DR3 2202507028094500224
220844,1836112400008891,327.0765902,59.1796857,Gaia DR3 2202657210203596672
220898,1836211300027909,328.9632145,58.9991563,Gaia DR3 2202507028094500224
220989,1837104300029370,338.1146566,54.9190709,Gaia DR3 2006394663832150272
221039,1837107200018529,340.6503425,58.0159254,Gaia DR3 2008081825761766016
221090,1841101400015854,45.3074731,62.0559391,Gaia DR3 466359540552004352
221140,1841102400008981,42.2507879,62.5353369,Gaia DR3 467327699201283072
221191,1841201400042371,45.3074105,62.0559222,Gaia DR3 466359540552004352
221273,1855203400005715,247.8517028,62.1831725,Gaia DR3 1625627602365544832
221305,1858106300009338,295.0803564,64.0618342,Gaia DR3 2242271072260536832
221344,1858206300011783,295.0803918,64.0618382,Gaia DR3 2242271072260536832
